store_uid,uuid,short_name,store_name,store_desc,store_add1,store_add2,store_city,store_state,store_zip,store_address_full,Latitude,Longitude,rand_uuid
01960_8e51e0a5_containerstore_peabody,8e51e0a5,containerstore,Container Store,Peabody,210 Andover Street,LL01,Peabody,MA,01960,"210 Andover Street Peabody, MA 01960",42.5414196,-70.9445901,05d42604
02467_1a370ad1_containerstore_chestnut_hill,1a370ad1,containerstore,Container Store,Chestnut Hill,55 Boylston St,,Chestnut Hill,MA,02467,"55 Boylston St Chestnut Hill, MA 02467",42.3227831,-71.1687096,403af20c
01760_bd4ac9aa_containerstore_natick,bd4ac9aa,containerstore,Container Store,Natick,1265 Worcester Street,,Natick,MA,01760,"1265 Worcester Street Natick, MA 01760",42.2997815,-71.3893956,4676f16e
02920_0d186a8a_containerstore_cranston,0d186a8a,containerstore,Container Store,Cranston,150 Hillside Rd,,Cranston,RI,02920,"150 Hillside Rd Cranston, RI 02920",41.7604202,-71.4574866,bd033ec6
11530_a0fa003f_containerstore_garden_city,a0fa003f,containerstore,Container Store,Garden City,902 Old Country Rd,,Garden City,NY,11530,"902 Old Country Rd Garden City, NY 11530",40.7448076,-73.6038542,b385c0b6
10601_fdd1e407_containerstore_white_plains,fdd1e407,containerstore,Container Store,White Plains,145 Westchester Avenue,,White Plains,NY,10601,"145 Westchester Avenue White Plains, NY 10601",41.0322012,-73.7576226,ac878bc9
10710_1d7c8925_containerstore_yonkers,1d7c8925,containerstore,Container Store,Yonkers,48 Market Street,,Yonkers,NY,10710,"48 Market Street Yonkers, NY 10710",40.9616324,-73.8555979,27ab6ef1
10011_0ca8d163_containerstore_new_york,0ca8d163,containerstore,Container Store,New York,629 Sixth Avenue,,New York,NY,10011,"629 Sixth Avenue New York, NY 10011",40.7403461,-73.9952173,c7c01dc2
07652_91b00fdd_containerstore_paramus,91b00fdd,containerstore,Container Store,Paramus,370 Route 17,#1,Paramus,NJ,07652,"370 Route 17 Paramus, NJ 07652",40.9459839,-74.0710441,7e5356c8
10314_d3b6df1b_containerstore_staten_island,d3b6df1b,containerstore,Container Store,Staten Island,283 Platinum Ave,Suite 1365,Staten Island,NY,10314,"283 Platinum Ave Staten Island, NY 10314",40.5801216,-74.1667504,d98faa3a
07039_8bdbe2fb_containerstore_livingston,8bdbe2fb,containerstore,Container Store,Livingston,372 W. Mount Pleasant Ave,,Livingston,NJ,07039,"372 W. Mount Pleasant Ave Livingston, NJ 07039",40.7969656,-74.3405558,2f257a9d
08805_9ef3d20e_containerstore_bound_brook,9ef3d20e,containerstore,Container Store,Bound Brook,335 Chimney Rock Rd,,Bound Brook,NJ,08805,"335 Chimney Rock Rd Bound Brook, NJ 08805",40.577125,-74.5609641,45bb588a
08002_eeab578a_containerstore_cherry_hill,eeab578a,containerstore,Container Store,Cherry Hill,2000 Route 38,OP-2,Cherry Hill,NJ,08002,"2000 Route 38 Cherry Hill, NJ 08002",39.942495,-75.0255696,4d6510a4
19406_24029c0b_containerstore_king_of_prussia,24029c0b,containerstore,Container Store,King of Prussia,650 W. Dekalb Pike,,King of Prussia,PA,19406,"650 W. Dekalb Pike King of Prussia, PA 19406",40.0881682,-75.3832079,57b2d017
19702_9a0a9d1d_containerstore_newark,9a0a9d1d,containerstore,Container Store,Newark,2200 Fashion Center Blvd,,Newark,DE,19702,"2200 Fashion Center Blvd Newark, DE 19702",39.6739544,-75.6496298,53ea893b
21401_cd405926_containerstore_annapolis,cd405926,containerstore,Container Store,Annapolis,2280 Annapolis Mall,,Annapolis,MD,21401,"2280 Annapolis Mall Annapolis, MD 21401",38.9910747,-76.5454317,07d97bbb
20016_fef3afb7_containerstore_washington,fef3afb7,containerstore,Container Store,Washington,4500 Wisconsin Avenue,,Washington,DC,20016,"4500 Wisconsin Avenue Washington, DC 20016",38.9484195,-77.0799745,d06f629b
22201_63a97686_containerstore_arlington,63a97686,containerstore,Container Store,Arlington,2800 Clarendon Blvd.,R-750,Arlington,VA,22201,"2800 Clarendon Blvd. Arlington, VA 22201",38.8875055,-77.092154,83617fe5
20852_1ed58d1e_containerstore_rockville,1ed58d1e,containerstore,Container Store,Rockville,1601 Rockville Pike,,Rockville,MD,20852,"1601 Rockville Pike Rockville, MD 20852",39.0635333,-77.1264943,45735d50
22182_f826004d_containerstore_vienna,f826004d,containerstore,Container Store,Vienna,8459 Leesburg Pike,,Vienna,VA,22182,"8459 Leesburg Pike Vienna, VA 22182",38.9246276,-77.2399248,8edc1573
20190_ab97d697_containerstore_reston,ab97d697,containerstore,Container Store,Reston,1851 Fountain Dr.,,Reston,VA,20190,"1851 Fountain Dr. Reston, VA 20190",38.9616959,-77.3549644,0e67e5e0
23233_bfc98d69_containerstore_richmond,bfc98d69,containerstore,Container Store,Richmond,11732 W Broad St,Suite PP1B,Richmond,VA,23233,"11732 W Broad St Richmond, VA 23233",37.6536924,-77.6150483,8daa3609
27612_e4d00446_containerstore_raleigh,e4d00446,containerstore,Container Store,Raleigh,4601 Creedmoor Rd,Suite 100,Raleigh,NC,27612,"4601 Creedmoor Rd Raleigh, NC 27612",35.8449333,-78.6808242,5f47c76b
15237_638ff95c_containerstore_pittsburgh,638ff95c,containerstore,Container Store,Pittsburgh,8033 McKnight Road,,Pittsburgh,PA,15237,"8033 McKnight Road Pittsburgh, PA 15237",40.5526313,-80.0212657,7bb3da6e
33410_3b3cb97a_containerstore_palm_beach_gardens,3b3cb97a,containerstore,Container Store,Palm Beach Gardens,11201 Legacy Ave,,Palm Beach Gardens,FL,33410,"11201 Legacy Ave Palm Beach Gardens, FL 33410",26.8400154,-80.0932123,9c8e7cd2
33431_b7981215_containerstore_boca_raton,b7981215,containerstore,Container Store,Boca Raton,6000 Glades Road,Suite 1002,Boca Raton,FL,33431,"6000 Glades Road Boca Raton, FL 33431",26.3652588,-80.1327395,da7b3302
33009_9a18f239_containerstore_hallandale_beach,9a18f239,containerstore,Container Store,Hallandale Beach,500 Seabiscuit Trail,Suite 1005,Hallandale Beach,FL,33009,"500 Seabiscuit Trail Hallandale Beach, FL 33009",25.979591,-80.1406395,d3e3b244
33156_ae9597e1_containerstore_miami,ae9597e1,containerstore,Container Store,Miami,7200 N. Kendall Drive,,Miami,FL,33156,"7200 N. Kendall Drive Miami, FL 33156",25.6878245,-80.3109519,8a0496b5
28209_1aed736b_containerstore_charlotte,1aed736b,containerstore,Container Store,Charlotte,4345 Barclay Downs Dr,,Charlotte,NC,28209,"4345 Barclay Downs Dr Charlotte, NC 28209",35.1524675,-80.8338864,7604cbc5
32839_7d91464a_containerstore_orlando,7d91464a,containerstore,Container Store,Orlando,4088 Millenia Blvd,,Orlando,FL,32839,"4088 Millenia Blvd Orlando, FL 32839",28.4895673,-81.4283705,c86316cb
44122_e9b5e7ea_containerstore_beachwood,e9b5e7ea,containerstore,Container Store,Beachwood,2101 Richmond Rd,,Beachwood,OH,44122,"2101 Richmond Rd Beachwood, OH 44122",41.5005845,-81.4965224,10bf8485
33607_03934418_containerstore_tampa,03934418,containerstore,Container Store,Tampa,4720 W. Spruce Street,,Tampa,FL,33607,"4720 W. Spruce Street Tampa, FL 33607",27.9591327,-82.5254327,5b44f035
43219_0a7989e6_containerstore_columbus,0a7989e6,containerstore,Container Store,Columbus,4184 Easton Gateway Drive,,Columbus,OH,43219,"4184 Easton Gateway Drive Columbus, OH 43219",40.0567197,-82.9070389,796dfdc3
48083_463c20dc_containerstore_troy,463c20dc,containerstore,Container Store,Troy,805 E Big Beaver Rd,,Troy,MI,48083,"805 E Big Beaver Rd Troy, MI 48083",42.564155,-83.132021,e4da4a72
48377_f3176cb6_containerstore_novi,f3176cb6,containerstore,Container Store,Novi,43525 W. Oaks Dr,,Novi,MI,48377,"43525 W. Oaks Dr Novi, MI 48377",42.4900222,-83.4778577,fe95cc06
30009_9fcf812e_containerstore_alpharetta,9fcf812e,containerstore,Container Store,Alpharetta,2740 Old Milton Pkwy,,Alpharetta,GA,30009,"2740 Old Milton Pkwy Alpharetta, GA 30009",34.0695128,-84.2793962,fc23f981
30346_1a5ef840_containerstore_atlanta,1a5ef840,containerstore,Container Store,Atlanta,120 Perimeter Center West,Suite 100,Atlanta,GA,30346,"120 Perimeter Center West Atlanta, GA 30346",33.9260802,-84.3432297,0750dbdd
30319_d4687d86_containerstore_atlanta,d4687d86,containerstore,Container Store,Atlanta,3637 Peachtree Road,Suite C,Atlanta,GA,30319,"3637 Peachtree Road Atlanta, GA 30319",33.8534573,-84.3585195,275f3ab8
45236_c98e66ca_containerstore_cincinnati,c98e66ca,containerstore,Container Store,Cincinnati,5901 East Galbraith Road,Suite 130,Cincinnati,OH,45236,"5901 East Galbraith Road Cincinnati, OH 45236",39.2043025,-84.3736758,4a403e16
46250_faf2390c_containerstore_indianapolis,faf2390c,containerstore,Container Store,Indianapolis,4120 E. 82nd St,,Indianapolis,IN,46250,"4120 E. 82nd St Indianapolis, IN 46250",39.9078048,-86.094833,d91e9565
37215_80cc362d_containerstore_nashville,80cc362d,containerstore,Container Store,Nashville,2121 Green Hills Village Dr,,Nashville,TN,37215,"2121 Green Hills Village Dr Nashville, TN 37215",36.1074305,-86.8146594,1936335a
60605_9dcc30dc_containerstore_chicago,9dcc30dc,containerstore,Container Store,Chicago,150 W. Roosevelt Rd,,Chicago,IL,60605,"150 W. Roosevelt Rd Chicago, IL 60605",41.8688836,-87.6322919,0cef6359
60642_96072811_containerstore_chicago,96072811,containerstore,Container Store,Chicago,908 West North Avenue,,Chicago,IL,60642,"908 West North Avenue Chicago, IL 60642",41.9110445,-87.652379,53c605fa
60062_a338a750_containerstore_northbrook,a338a750,containerstore,Container Store,Northbrook,101 Skokie Blvd.,,Northbrook,IL,60062,"101 Skokie Blvd. Northbrook, IL 60062",42.1511247,-87.7990031,ca6ea6c0
60523_eb8b664c_containerstore_oak_brook,eb8b664c,containerstore,Container Store,Oak Brook,610 Oakbrook Center,,Oak Brook,IL,60523,"610 Oakbrook Center Oak Brook, IL 60523",41.8500234,-87.9516302,6ebd8c34
60173_327de4c6_containerstore_schaumburg,327de4c6,containerstore,Container Store,Schaumburg,1460 East Golf Road,,Schaumburg,IL,60173,"1460 East Golf Road Schaumburg, IL 60173",42.0527287,-88.0422691,54a72920
53226_f7b9416d_containerstore_wauwatosa,f7b9416d,containerstore,Container Store,Wauwatosa,10400 W. North Avenue,,Wauwatosa,WI,53226,"10400 W. North Avenue Wauwatosa, WI 53226",43.0606994,-88.0429567,ba756222
38138_56785f0f_containerstore_germantown,56785f0f,containerstore,Container Store,Germantown,2130 Exeter Rd,Suite 103,Germantown,TN,38138,"2130 Exeter Rd Germantown, TN 38138",35.0907799,-89.8011737,fabe15de
63144_da8cd370_containerstore_st_louis,da8cd370,containerstore,Container Store,St. Louis,1769 S. Brentwood Blvd.,,St. Louis,MO,63144,"1769 S. Brentwood Blvd. St. Louis, MO 63144",38.625839,-90.3478468,1b22300d
72205_086a4303_containerstore_little_rock,086a4303,containerstore,Container Store,Little Rock,209 North University Avenue,Suite 100,Little Rock,AR,72205,"209 North University Avenue Little Rock, AR 72205",34.7525889,-92.3389363,ad928397
55435_322eb205_containerstore_edina,322eb205,containerstore,Container Store,Edina,3825 Gallagher Drive,,Edina,MN,55435,"3825 Gallagher Drive Edina, MN 55435",44.8704253,-93.3273628,be22945c
50266_10bc3b01_containerstore_west_des_moines,10bc3b01,containerstore,Container Store,West Des Moines,5901 Mills Civic Pkwy,#4500,West Des Moines,IA,50266,"5901 Mills Civic Pkwy West Des Moines, IA 50266",41.5602683,-93.7879611,af47a16b
66209_be5d20d4_containerstore_overland_park,be5d20d4,containerstore,Container Store,Overland Park,4701 W. 119th St,,Overland Park,KS,66209,"4701 W. 119th St Overland Park, KS 66209",38.9124478,-94.6403132,d2ea8043
77546_c2d789af_containerstore_friendswood,c2d789af,containerstore,Container Store,Friendswood,18760 Gulf Freeway,,Friendswood,TX,77546,"18760 Gulf Freeway Friendswood, TX 77546",29.5469552,-95.1511601,dcf87904
77380_cbafc6ff_containerstore_the_woodlands,cbafc6ff,containerstore,Container Store,The Woodlands,1455 Lake Woodlands Drive,,The Woodlands,TX,77380,"1455 Lake Woodlands Drive The Woodlands, TX 77380",30.1672233,-95.4560763,d6e61f9d
77056_142bb25e_containerstore_houston,142bb25e,containerstore,Container Store,Houston,2511 Post Oak Blvd.,,Houston,TX,77056,"2511 Post Oak Blvd. Houston, TX 77056",29.7415881,-95.4600071,634f80e6
77069_278b8655_containerstore_houston,278b8655,containerstore,Container Store,Houston,5466 FM 1960 West,,Houston,TX,77069,"5466 FM 1960 West Houston, TX 77069",29.9816408,-95.5130995,d6bb9c5c
68114_a517cb43_containerstore_omaha,a517cb43,containerstore,Container Store,Omaha,10000 California St,Suite 2675,Omaha,NE,68114,"10000 California St Omaha, NE 68114",41.2668792,-96.0682503,c3ab67b3
75069_b1d69e36_containerstore_fairview,b1d69e36,containerstore,Container Store,Fairview,151 East Stacy Road,,Fairview,TX,75069,"151 East Stacy Road Fairview, TX 75069",33.1310132,-96.6532832,f5f455ab
75225_b91c628c_containerstore_dallas,b91c628c,containerstore,Container Store,Dallas,7700 West Northwest Highway,,Dallas,TX,75225,"7700 West Northwest Highway Dallas, TX 75225",32.8643045,-96.7745361,3c1dd824
75024_7ebae8f5_containerstore_plano,7ebae8f5,containerstore,Container Store,Plano,8460 Parkwood Blvd.,,Plano,TX,75024,"8460 Parkwood Blvd. Plano, TX 75024",33.0920532,-96.8124084,3d8b592e
75240_d60b57f0_containerstore_dallas,d60b57f0,containerstore,Container Store,Dallas,13710 Dallas Parkway,Suite B,Dallas,TX,75240,"13710 Dallas Parkway Dallas, TX 75240",32.9340419,-96.8206918,302820a6
76018_ad0404ab_containerstore_arlington,ad0404ab,containerstore,Container Store,Arlington,4000 Arlington Highlands Blvd,Suite 101,Arlington,TX,76018,"4000 Arlington Highlands Blvd Arlington, TX 76018",32.679932,-97.109798,db683716
76092_e2d943f5_containerstore_southlake,e2d943f5,containerstore,Container Store,Southlake,1200 Main Street,,Southlake,TX,76092,"1200 Main Street Southlake, TX 76092",32.9429858,-97.133406,95e4f896
76107_3101e877_containerstore_fort_worth,3101e877,containerstore,Container Store,Fort Worth,4601 West Freeway,Suite 500,Fort Worth,TX,76107,"4601 West Freeway Fort Worth, TX 76107",32.7316189,-97.389055,adaa85e6
73112_5471959b_containerstore_oklahoma_city,5471959b,containerstore,Container Store,Oklahoma City,5644 N. Pennsylvania Ave.,,Oklahoma City,OK,73112,"5644 N. Pennsylvania Ave. Oklahoma City, OK 73112",35.5279001,-97.546981,9a8dd2d9
78759_ba44b352_containerstore_austin,ba44b352,containerstore,Container Store,Austin,9629 Research Blvd.,,Austin,TX,78759,"9629 Research Blvd. Austin, TX 78759",30.3896356,-97.7434527,ce1ba110
78216_5dc1799d_containerstore_san_antonio,5dc1799d,containerstore,Container Store,San Antonio,333 NW Loop 410,,San Antonio,TX,78216,"333 NW Loop 410 San Antonio, TX 78216",29.522611,-98.498396,4d3d753f
80920_1df808bb_containerstore_colorado_springs,1df808bb,containerstore,Container Store,Colorado Springs,1925 Briargate Pkwy,Ste. 611,Colorado Springs,CO,80920,"1925 Briargate Pkwy Colorado Springs, CO 80920",38.9639775,-104.7922973,4961844e
80124_91182978_containerstore_lone_tree,91182978,containerstore,Container Store,Lone Tree,8687 Park Meadows Center Drive,,Lone Tree,CO,80124,"8687 Park Meadows Center Drive Lone Tree, CO 80124",39.5594483,-104.8777068,beb8c51f
80206_64f5be30_containerstore_denver,64f5be30,containerstore,Container Store,Denver,3110 E. First Ave,Suite 2010,Denver,CO,80206,"3110 E. First Ave Denver, CO 80206",39.7173062,-104.951206,cbe6cb3e
80021_9fed7268_containerstore_broomfield,9fed7268,containerstore,Container Store,Broomfield,51 W. FlatIron Crossing Dr.,#ANC02,Broomfield,CO,80021,"51 W. FlatIron Crossing Dr. Broomfield, CO 80021",39.9312215,-105.1320537,74220300
87110_c61e5845_containerstore_albuquerque,c61e5845,containerstore,Container Store,Albuquerque,6600 Menaul Blvd,,Albuquerque,NM,87110,"6600 Menaul Blvd Albuquerque, NM 87110",35.105509,-106.5693718,b1192edc
85705_edfb4511_containerstore_tucson,edfb4511,containerstore,Container Store,Tucson,4500 N. Oracle Rd,,Tucson,AZ,85705,"4500 N. Oracle Rd Tucson, AZ 85705",32.2885001,-110.9741348,8809e0be
84107_58bea564_containerstore_murray,58bea564,containerstore,Container Store,Murray,6191 S. State St,Suite 400,Murray,UT,84107,"6191 S. State St Murray, UT 84107",40.6361941,-111.8878794,f9e116c9
85054_5342ca60_containerstore_phoenix,5342ca60,containerstore,Container Store,Phoenix,18550 North Scottsdale Road,,Phoenix,AZ,85054,"18550 North Scottsdale Road Phoenix, AZ 85054",33.6537229,-111.9266318,54952df7
85016_b6f379d3_containerstore_phoenix,b6f379d3,containerstore,Container Store,Phoenix,4949 N. 20th Street,,Phoenix,AZ,85016,"4949 N. 20th Street Phoenix, AZ 85016",33.5082377,-112.0385548,824a0db9
85308_64040768_containerstore_glendale,64040768,containerstore,Container Store,Glendale,7580 W. Bell Rd,,Glendale,AZ,85308,"7580 W. Bell Rd Glendale, AZ 85308",33.6398132,-112.2223196,e9a50b4a
89119_db2c2e46_containerstore_las_vegas,db2c2e46,containerstore,Container Store,Las Vegas,6521 Las Vegas Blvd South,C-103,Las Vegas,NV,89119,"6521 Las Vegas Blvd South Las Vegas, NV 89119",36.0702638,-115.1721595,b57d2e0f
92108_675d825e_containerstore_san_diego,675d825e,containerstore,Container Store,San Diego,7097 Friars Road,,San Diego,CA,92108,"7097 Friars Road San Diego, CA 92108",32.769873,-117.1625497,fe5ad8d9
92626_e86fbc3b_containerstore_costa_mesa,e86fbc3b,containerstore,Container Store,Costa Mesa,901-G South Coast Drive,,Costa Mesa,CA,92626,"901-G South Coast Drive Costa Mesa, CA 92626",33.6889044,-117.8929081,a7abdf7d
91103_e53b85f3_containerstore_pasadena,e53b85f3,containerstore,Container Store,Pasadena,One East Union Street,,Pasadena,CA,91103,"One East Union Street Pasadena, CA 91103",34.1467959,-118.1476647,0d3052a2
90036_440e9988_containerstore_los_angeles,440e9988,containerstore,Container Store,Los Angeles,110 S. Fairfax Ave.,A-17,Los Angeles,CA,90036,"110 S. Fairfax Ave. Los Angeles, CA 90036",34.0736848,-118.3608362,289a7107
90245_cc708c54_containerstore_el_segundo,cc708c54,containerstore,Container Store,El Segundo,710 S Pacific Coast Hwy,,El Segundo,CA,90245,"710 S Pacific Coast Hwy El Segundo, CA 90245",33.8299711,-118.3848356,206f9265
90067_9d2ac09c_containerstore_los_angeles,9d2ac09c,containerstore,Container Store,Los Angeles,10250 Santa Monica Blvd.,Suite 218,Los Angeles,CA,90067,"10250 Santa Monica Blvd. Los Angeles, CA 90067",34.0590031,-118.418866,245f6d9f
93036_5bf4b554_containerstore_oxnard,5bf4b554,containerstore,Container Store,Oxnard,450 Town Center Drive,,Oxnard,CA,93036,"450 Town Center Drive Oxnard, CA 93036",34.2385178,-119.1767673,b95de68c
95825_7f9ae68b_containerstore_sacramento,7f9ae68b,containerstore,Container Store,Sacramento,2030 Arden Way,,Sacramento,CA,95825,"2030 Arden Way Sacramento, CA 95825",38.5957421,-121.4182069,abe5b4d8
95128_ed5595db_containerstore_san_jose,ed5595db,containerstore,Container Store,San Jose,3080 Stevens Creek Blvd.,Suite 1000,San Jose,CA,95128,"3080 Stevens Creek Blvd. San Jose, CA 95128",37.3231355,-121.9490732,9a27b607
94596_961f8c3c_containerstore_walnut_creek,961f8c3c,containerstore,Container Store,Walnut Creek,1100 Locust Street,,Walnut Creek,CA,94596,"1100 Locust Street Walnut Creek, CA 94596",37.8952236,-122.0605735,c10cb48d
94304_ca21ec52_containerstore_palo_alto,ca21ec52,containerstore,Container Store,Palo Alto,500 Stanford Shopping Center,,Palo Alto,CA,94304,"500 Stanford Shopping Center Palo Alto, CA 94304",37.4388322,-122.1726498,f0cae2d9
98004_3dee3d82_containerstore_bellevue,3dee3d82,containerstore,Container Store,Bellevue,700 Bellevue Way N.E.,Suite 120,Bellevue,WA,98004,"700 Bellevue Way N.E. Bellevue, WA 98004",47.6172049,-122.2013418,94235273
98188_e1c97989_containerstore_tukwila,e1c97989,containerstore,Container Store,Tukwila,2437 Southcenter Mall,,Tukwila,WA,98188,"2437 Southcenter Mall Tukwila, WA 98188",47.4588849,-122.257964,03205f16
94103_10a5081e_containerstore_san_francisco,10a5081e,containerstore,Container Store,San Francisco,26 Fourth Street,,San Francisco,CA,94103,"26 Fourth Street San Francisco, CA 94103",37.7846195,-122.4055789,272f5989
94925_785c7182_containerstore_corte_madera,785c7182,containerstore,Container Store,Corte Madera,219 Corte Madera Town Center,,Corte Madera,CA,94925,"219 Corte Madera Town Center Corte Madera, CA 94925",37.9285403,-122.5170309,90fcea62
97224_a5d84fdd_containerstore_tigard,a5d84fdd,containerstore,Container Store,Tigard,7417 SW Bridgeport Road,,Tigard,OR,97224,"7417 SW Bridgeport Road Tigard, OR 97224",45.3957385,-122.7536101,403c8493
02072_95b6301d_ikea_stoughton,95b6301d,ikea,IKEA,Stoughton,One IKEA Way,,Stoughton,MA,02072,"One IKEA Way Stoughton, MA 02072",42.1371268,-71.0684562,646c2a69
06511_55f8f7f1_ikea_new_haven,55f8f7f1,ikea,IKEA,New Haven,450 Sargent Drive,,New Haven,CT,06511,"450 Sargent Drive New Haven, CT 06511",41.2958017,-72.9200335,840b7101
11801_c8dcfd18_ikea_long_island,c8dcfd18,ikea,IKEA,Long Island,1100 Broadway Mall,,Hicksville,NY,11801,"1100 Broadway Mall Hicksville, NY 11801",40.7748383,-73.5310569,288891bf
11374_0f783fe4_ikea_queens,0f783fe4,ikea,IKEA,Queens,96-05 Queens Blvd,,Queens,NY,11374,"96-05 Queens Blvd Queens, NY 11374",40.731424,-73.8618461,5f2a1723
11231_ef6e863d_ikea_brooklyn,ef6e863d,ikea,IKEA,Brooklyn,1 Beard Street,,Brooklyn,NY,11231,"1 Beard Street Brooklyn, NY 11231",40.672219,-74.0115416,80a5ca75
07652_31cd4c48_ikea_paramus,31cd4c48,ikea,IKEA,Paramus,100 IKEA Drive,,Paramus,NJ,07652,"100 IKEA Drive Paramus, NJ 07652",40.9245349,-74.0732861,c2049527
07201_ee8cbff0_ikea_elizabeth,ee8cbff0,ikea,IKEA,Elizabeth,1000 Center Drive,,Elizabeth,NJ,07201,"1000 Center Drive Elizabeth, NJ 07201",40.6751301,-74.1697393,52aa98f0
19148_69482fa0_ikea_south_philadelphia,69482fa0,ikea,IKEA,South Philadelphia,2206 S. Christopher Columbus Blvd,,Philadelphia,PA,19148,"2206 S. Christopher Columbus Blvd Philadelphia, PA 19148",39.9171256,-75.1417686,6e1664af
19428_01f275e2_ikea_conshohocken,01f275e2,ikea,IKEA,Conshohocken,400 Alan Wood Road,,Conshohocken,PA,19428,"400 Alan Wood Road Conshohocken, PA 19428",40.0943896,-75.3067793,53d2686f
23502_4377cca2_ikea_norfolk,4377cca2,ikea,IKEA,Norfolk,1500 IKEA Way,,Norfolk,VA,23502,"1500 IKEA Way Norfolk, VA 23502",36.8760812,-76.2013761,c4514c78
21236_594af003_ikea_baltimore,594af003,ikea,IKEA,Baltimore,8352 Honeygo Boulevard,,Baltimore,MD,21236,"8352 Honeygo Boulevard Baltimore, MD 21236",39.3753517,-76.4619125,a5ddf71c
20740_28adb344_ikea_college_park,28adb344,ikea,IKEA,College Park,10100 Baltimore Avenue,,College Park,MD,20740,"10100 Baltimore Avenue College Park, MD 20740",39.0206756,-76.928835,6050a509
22192_6404768a_ikea_woodbridge,6404768a,ikea,IKEA,Woodbridge,2900 Potomac Mills Circle,,Woodbridge,VA,22192,"2900 Potomac Mills Circle Woodbridge, VA 22192",38.6450421,-77.2898272,e73dd6fe
15205_19c3b0a3_ikea_pittsburgh,19c3b0a3,ikea,IKEA,Pittsburgh,2001 Park Manor Boulevard,,Pittsburgh,PA,15205,"2001 Park Manor Boulevard Pittsburgh, PA 15205",40.4517367,-80.1681502,d644c06f
33325_8e0e59ee_ikea_sunrise,8e0e59ee,ikea,IKEA,Sunrise,151 NW 136th Ave,,Sunrise,FL,33325,"151 NW 136th Ave Sunrise, FL 33325",26.122275,-80.33035,aa38b3c7
33172_18630354_ikea_miami,18630354,ikea,IKEA,Miami,1801 NW 117th Ave,,Sweetwater,FL,33172,"1801 NW 117th Ave Sweetwater, FL 33172",25.7914278,-80.3836105,3beb8c97
28262_4ba22ce6_ikea_charlotte,4ba22ce6,ikea,IKEA,Charlotte,8300 IKEA Boulevard,,Charlotte,NC,28262,"8300 IKEA Boulevard Charlotte, NC 28262",35.29331,-80.7650357,30ba95a6
32839_72ced137_ikea_orlando,72ced137,ikea,IKEA,Orlando,4092 Eastgate Dr,,Orlando,FL,32839,"4092 Eastgate Dr Orlando, FL 32839",28.4829579,-81.4266415,aca8c3a8
32256_7a6531c4_ikea_jacksonville,7a6531c4,ikea,IKEA,Jacksonville,7801 Gate Pkwy,,Jacksonville,FL,32256,"7801 Gate Pkwy Jacksonville, FL 32256",30.2374622,-81.5167824,5b999278
33605_b37fce17_ikea_tampa,b37fce17,ikea,IKEA,Tampa,1103 N. 22nd Street,,Tampa,FL,33605,"1103 N. 22nd Street Tampa, FL 33605",27.9542754,-82.4316019,37213a9f
43240_01f2d81a_ikea_columbus,01f2d81a,ikea,IKEA,Columbus,1900 IKEA Way,,Columbus,OH,43240,"1900 IKEA Way Columbus, OH 43240",40.1501367,-82.9667899,77efa21a
48187_89967228_ikea_canton,89967228,ikea,IKEA,Canton,41640 Ford Road,,Canton,MI,48187,"41640 Ford Road Canton, MI 48187",42.3252624,-83.4513499,ece22893
30363_6e054908_ikea_atlanta,6e054908,ikea,IKEA,Atlanta,441 16th Street,,Atlanta,GA,30363,"441 16th Street Atlanta, GA 30363",33.7888368,-84.4051193,72f08bc6
45069_f7b33192_ikea_west_chester,f7b33192,ikea,IKEA,West Chester,9500 IKEA Way,,West Chester,OH,45069,"9500 IKEA Way West Chester, OH 45069",39.3154678,-84.4339977,8bd6766e
46037_3a3ccf21_ikea_fishers,3a3ccf21,ikea,IKEA,Fishers,11400 IKEA Way,,Fishers,IN,46037,"11400 IKEA Way Fishers, IN 46037",39.9534162,-86.0073736,a79e1bb0
53154_3a773c6e_ikea_oak_creek,3a773c6e,ikea,IKEA,Oak Creek,7500 S. IKEA Way,,Oak Creek,WI,53154,"7500 S. IKEA Way Oak Creek, WI 53154",42.9076915,-87.9386886,2ad968a5
60173_362b13c8_ikea_schaumburg,362b13c8,ikea,IKEA,Schaumburg,1800 East McConner Parkway,,Schaumburg,IL,60173,"1800 East McConner Parkway Schaumburg, IL 60173",42.0566646,-88.0365045,112c19c9
60440_6ebb61ab_ikea_bolingbrook,6ebb61ab,ikea,IKEA,Bolingbrook,750 E. Boughton,,Bolingbrook,IL,60440,"750 E. Boughton Bolingbrook, IL 60440",41.7280902,-88.037837,c7d73f96
38016_79c45bd2_ikea_memphis,79c45bd2,ikea,IKEA,Memphis,7900 IKEA Way,,Memphis,TN,38016,"7900 IKEA Way Memphis, TN 38016",35.1902921,-89.7986837,0408b4f5
63108_1f8197c4_ikea_st_louis,1f8197c4,ikea,IKEA,St. Louis,1 IKEA Way,,St. Louis,MO,63108,"1 IKEA Way St. Louis, MO 63108",38.6335827,-90.2449962,b3e1991b
55425_e988aec5_ikea_twin_cities,e988aec5,ikea,IKEA,Twin Cities,8000 IKEA Way,,Bloomington,MN,55425,"8000 IKEA Way Bloomington, MN 55425",44.8586403,-93.2448492,6d95512b
66202_79990e7d_ikea_merriam,79990e7d,ikea,IKEA,Merriam,6000 IKEA Way,,Merriam,KS,66202,"6000 IKEA Way Merriam, KS 66202",39.019658,-94.6905789,d9a6ac3e
77024_34e69786_ikea_houston,34e69786,ikea,IKEA,Houston,7810 Katy Freeway,,Houston,TX,77024,"7810 Katy Freeway Houston, TX 77024",29.7855758,-95.4715555,fae6f6bf
75034_c91e242a_ikea_frisco,c91e242a,ikea,IKEA,Frisco,7171 IKEA Drive,,Frisco,TX,75034,"7171 IKEA Drive Frisco, TX 75034",33.0937506,-96.8213668,4a17b312
75052_3dad30c4_ikea_grand_prairie,3dad30c4,ikea,IKEA,Grand Prairie,1000 IKEA Way,,Grand Prairie,TX,75052,"1000 IKEA Way Grand Prairie, TX 75052",32.6906294,-97.022627,d8a4cb9e
78665_f52f56d9_ikea_round_rock,f52f56d9,ikea,IKEA,Round Rock,1 IKEA Way,,Round Rock,TX,78665,"1 IKEA Way Round Rock, TX 78665",30.5578282,-97.6897453,7afc15cf
78233_49e9378a_ikea_live_oak,49e9378a,ikea,IKEA,Live Oak,1000 IKEA RBFCU Parkway,,Live Oak,TX,78233,"1000 IKEA RBFCU Parkway Live Oak, TX 78233",29.5665157,-98.3381062,248e52cb
80112_0339e4aa_ikea_centennial,0339e4aa,ikea,IKEA,Centennial,9800 E. IKEA Way,,Centennial,CO,80112,"9800 E. IKEA Way Centennial, CO 80112",39.5720848,-104.8750157,28f429aa
84020_2cd51b59_ikea_draper,2cd51b59,ikea,IKEA,Draper,67 West IKEA Way,,Draper,UT,84020,"67 West IKEA Way Draper, UT 84020",40.5086171,-111.8931892,bb9a6316
85284_412cfb81_ikea_tempe,412cfb81,ikea,IKEA,Tempe,2110 West IKEA Way,,Tempe,AZ,85284,"2110 West IKEA Way Tempe, AZ 85284",33.3409062,-111.9703209,e3479a22
89148_51c3ae71_ikea_las_vegas,51c3ae71,ikea,IKEA,Las Vegas,6500 IKEA Way,,Las Vegas,NV,89148,"6500 IKEA Way Las Vegas, NV 89148",36.0688447,-115.2806099,193b064a
92108_ced584e5_ikea_san_diego,ced584e5,ikea,IKEA,San Diego,2149 Fenton Parkway,,San Diego,CA,92108,"2149 Fenton Parkway San Diego, CA 92108",32.7801705,-117.1262915,4908cf80
91723_1030da1b_ikea_covina,1030da1b,ikea,IKEA,Covina,848 South Barranca Avenue,,Covina,CA,91723,"848 South Barranca Avenue Covina, CA 91723",34.0744813,-117.8791263,3c61bc05
92626_d49c5264_ikea_costa_mesa,d49c5264,ikea,IKEA,Costa Mesa,1475 South Coast Drive,,Costa Mesa,CA,92626,"1475 South Coast Drive Costa Mesa, CA 92626",33.6910441,-117.9162956,ddd7e76d
90746_d07af19c_ikea_carson,d07af19c,ikea,IKEA,Carson,20700 South Avalon Boulevard,,Carson,CA,90746,"20700 South Avalon Boulevard Carson, CA 90746",33.8421187,-118.2605881,70a2cba2
91502_4548afae_ikea_burbank,4548afae,ikea,IKEA,Burbank,600 South IKEA Way,,Burbank,CA,91502,"600 South IKEA Way Burbank, CA 91502",34.1748067,-118.3035453,de250f4d
95605_75161089_ikea_west_sacramento,75161089,ikea,IKEA,West Sacramento,700 IKEA Court,,West Sacramento,CA,95605,"700 IKEA Court West Sacramento, CA 95605",38.5864966,-121.5535913,d48da037
94303_b4f11452_ikea_east_palo_alto,b4f11452,ikea,IKEA,East Palo Alto,1700 East Bayshore Road,,East Palo Alto,CA,94303,"1700 East Bayshore Road East Palo Alto, CA 94303",37.4611767,-122.1394766,787b5d12
98057_fbaf88ff_ikea_renton,fbaf88ff,ikea,IKEA,Renton,601 S.W. 41st Street,,Renton,WA,98057,"601 S.W. 41st Street Renton, WA 98057",47.4426763,-122.2280158,1d3b5d96
94608_340b25b4_ikea_emeryville,340b25b4,ikea,IKEA,Emeryville,4400 Shellmound Street,,Emeryville,CA,94608,"4400 Shellmound Street Emeryville, CA 94608",37.8317539,-122.2919709,785a702d
97220_021db027_ikea_portland,021db027,ikea,IKEA,Portland,10280 NE Cascades Parkway,,Portland,OR,97220,"10280 NE Cascades Parkway Portland, OR 97220",45.5712001,-122.5535877,797427fb
02139_a8c86585_microcenter_cambridge,a8c86585,microcenter,Micro Center,Cambridge,730 Memorial Dr,,Cambridge,MA,02139,"730 Memorial Dr Cambridge, MA 02139",42.3572095,-71.1143075,80b67826
11590_fe90aeea_microcenter_westbury,fe90aeea,microcenter,Micro Center,Westbury,655 Merrick Ave,,Westbury,NY,11590,"655 Merrick Ave Westbury, NY 11590",40.7395606,-73.5858212,57dec986
11367_acae5b22_microcenter_flushing,acae5b22,microcenter,Micro Center,Flushing,71-43 Kissena Blvd,,Queens,NY,11367,"71-43 Kissena Blvd Queens, NY 11367",40.728866,-73.8150369,059b6d2a
10704_7872e229_microcenter_yonkers,7872e229,microcenter,Micro Center,Yonkers,750-A Central Park Ave,,Yonkers,NY,10704,"750-A Central Park Ave Yonkers, NY 10704",40.9248553,-73.8562871,eab5b607
11232_e890c163_microcenter_brooklyn,e890c163,microcenter,Micro Center,Brooklyn,850 3rd Ave,,Brooklyn,NY,11232,"850 3rd Ave Brooklyn, NY 11232",40.6588044,-74.003448,eee993ba
07504_0bf54b7c_microcenter_north_jersey,0bf54b7c,microcenter,Micro Center,North Jersey,263 McLean Blvd,Route 20 Retail Center,Paterson,NJ,07504,"263 McLean Blvd Paterson, NJ 07504",40.9068688,-74.1332633,7bb79293
19087_bd3dd09d_microcenter_st_davids,bd3dd09d,microcenter,Micro Center,St. Davids,550 E Lancaster Ave Ste C,,St Davids,PA,19087,"550 E Lancaster Ave Ste C St Davids, PA 19087",40.0401182,-75.3694827,2eee9bc5
21234_1b13ca05_microcenter_parkville,1b13ca05,microcenter,Micro Center,Parkville,1957 E Joppa Rd,,Parkville,MD,21234,"1957 E Joppa Rd Parkville, MD 21234",39.3969616,-76.5454815,5bb8c23f
20852_809ef867_microcenter_rockville,809ef867,microcenter,Micro Center,Rockville,1776 E Jefferson ST Ste 203,,Rockville,MD,20852,"1776 E Jefferson ST Ste 203 Rockville, MD 20852",39.0572258,-77.1245166,2ffff51b
22031_2714330e_microcenter_fairfax,2714330e,microcenter,Micro Center,Fairfax,3089 Nutley St,,Fairfax,VA,22031,"3089 Nutley St Fairfax, VA 22031",38.8689425,-77.2615284,859ea2ad
44124_3d3546eb_microcenter_mayfield_heights,3d3546eb,microcenter,Micro Center,Mayfield Heights,1349 Som Center Rd,Eastgate Shopping Center,Mayfield Heights,OH,44124,"1349 Som Center Rd Mayfield Heights, OH 44124",41.5239851,-81.4373282,317022ad
43214_4b802509_microcenter_columbus,4b802509,microcenter,Micro Center,Columbus,747 Bethel Rd,,Columbus,OH,43214,"747 Bethel Rd Columbus, OH 43214",40.0623713,-83.0408365,f3e47221
48071_d645d210_microcenter_madison_heights,d645d210,microcenter,Micro Center,Madison Heights,32800 Concord Dr,,Madison Heights,MI,48071,"32800 Concord Dr Madison Heights, MI 48071",42.5329448,-83.1145486,f7822d17
30096_3b0493bb_microcenter_duluth,3b0493bb,microcenter,Micro Center,Duluth,2340 Pleasant Hill Rd,,Duluth,GA,30096,"2340 Pleasant Hill Rd Duluth, GA 30096",33.9642783,-84.1374123,65550e84
45241_0806c60d_microcenter_sharonville,0806c60d,microcenter,Micro Center,Sharonville,11755 Mosteller Rd,,Sharonville,OH,45241,"11755 Mosteller Rd Sharonville, OH 45241",39.2882802,-84.4298998,609b7f36
30067_ccdc41d1_microcenter_marietta,ccdc41d1,microcenter,Micro Center,Marietta,1275 Powers Ferry Rd SE Ste 50,,Marietta,GA,30067,"1275 Powers Ferry Rd SE Ste 50 Marietta, GA 30067",33.9211202,-84.4662105,90a405f7
60647_582c4497_microcenter_chicago,582c4497,microcenter,Micro Center,Chicago,2645 N Elston Ave,,Chicago,IL,60647,"2645 N Elston Ave Chicago, IL 60647",41.9306749,-87.6826906,e525c45b
60559_e20f2766_microcenter_westmont,e20f2766,microcenter,Micro Center,Westmont,80 E Ogden Ave,,Westmont,IL,60559,"80 E Ogden Ave Westmont, IL 60559",41.8113505,-87.9725279,f243a7e3
63144_634d6104_microcenter_brentwood,634d6104,microcenter,Micro Center,Brentwood,87 Brentwood Promenade Ct,,Brentwood,MO,63144,"87 Brentwood Promenade Ct Brentwood, MO 63144",38.6261802,-90.3432893,f4979cd2
55416_c57752a7_microcenter_st_louis_park,c57752a7,microcenter,Micro Center,St. Louis Park,3710 Highway 100 South,,St. Louis Park,MN,55416,"3710 Highway 100 South St. Louis Park, MN 55416",44.9502596,-93.3477824,cb7d10bd
66212_938d4019_microcenter_overland_park,938d4019,microcenter,Micro Center,Overland Park,9294 Metcalf Ave,Regency Park Shopping Center,Overland Park,KS,66212,"9294 Metcalf Ave Overland Park, KS 66212",38.9605464,-94.6701763,d2343ab6
77081_ac74d2f5_microcenter_houston,ac74d2f5,microcenter,Micro Center,Houston,5305 S Rice Ave,,Houston,TX,77081,"5305 S Rice Ave Houston, TX 77081",29.7249018,-95.46657,20aa5eae
75243_1f0eea52_microcenter_dallas,1f0eea52,microcenter,Micro Center,Dallas,13929 N Central Expy,,Dallas,TX,75243,"13929 N Central Expy Dallas, TX 75243",32.9374633,-96.7503193,a47f3ba0
80237_f9a36abc_microcenter_denver,f9a36abc,microcenter,Micro Center,Denver,8000 E Quincy Ave,,Denver,CO,80237,"8000 E Quincy Ave Denver, CO 80237",39.6382964,-104.8973215,85c284df
92780_82753ef0_microcenter_tustin,82753ef0,microcenter,Micro Center,Tustin,1100 E Edinger Ave,,Tustin,CA,92780,"1100 E Edinger Ave Tustin, CA 92780",33.7245358,-117.8328829,0c63554f
53045_146cb50b_llbean_brookfield,146cb50b,llbean,LL Bean,Brookfield,20200 Union Street,The Corners Of Brookfield,Brookfield,WI,53045,"20200 Union Street Brookfield, WI 53045",43.035436,-88.163882,07697515
53705_c293dfe3_llbean_hilldale,c293dfe3,llbean,LL Bean,Hilldale,434 N. Midvale Blvd,Hilldale Shopping Center,Madison,WI,53705,"434 N. Midvale Blvd Madison, WI 53705",43.07185263,-89.453067,d1dfa611
60010_0abc3ea6_llbean_south_barrington,0abc3ea6,llbean,LL Bean,South Barrington,100 West Higgins Road,The Arboretum Of South Barrington,South Barrington,IL,60010,"100 West Higgins Road South Barrington, IL 60010",42.07477565,-88.185193,22ae8d10
60077_9f4384a5_llbean_old_orchard,9f4384a5,llbean,LL Bean,Old Orchard,4999 Old Orchard Center,Old Orchard Center,Skokie,IL,60077,"4999 Old Orchard Center Skokie, IL 60077",42.0607916,-87.7480908,1cf8be5c
60523_ee980f29_llbean_oakbrook,ee980f29,llbean,LL Bean,Oakbrook,2202 Oakbrook Center,Oakbrook Center,Oak Brook,IL,60523,"2202 Oakbrook Center Oak Brook, IL 60523",41.851651,-87.954382,61ce81c6
55425_fd35ab57_llbean_mall_of_america,fd35ab57,llbean,LL Bean,Mall of America,100 South Ave,Mall Of America,Bloomington,MN,55425,"100 South Ave Bloomington, MN 55425",44.85334404,-93.23972273,b7e7b842
48038_4e7a4ef5_llbean_partridge_creek,4e7a4ef5,llbean,LL Bean,Partridge Creek,17420 Hall Rd,The Mall At Partridge Creek,Clinton Township,MI,48038,"17420 Hall Rd Clinton Township, MI 48038",42.625782,-82.946465,27ed3856
45236_5e06350a_llbean_kenwood,5e06350a,llbean,LL Bean,Kenwood,5901 East Galbraith Road,The Kenwood Collection,Cincinnati,OH,45236,"5901 East Galbraith Road Cincinnati, OH 45236",39.20474926,-84.37408367,fc52f155
43219_d5801847_llbean_easton_town_center,d5801847,llbean,LL Bean,Easton Town Center,4222 Easton Loop West,Easton Town Center,Columbus,OH,43219,"4222 Easton Loop West Columbus, OH 43219",40.05414453,-82.91690648,7c0f4271
44124_40f1de63_llbean_legacy_village,40f1de63,llbean,LL Bean,Legacy Village,25225 Cedar Rd,Legacy Village,Lyndhurst,OH,44124,"25225 Cedar Rd Lyndhurst, OH 44124",41.502696,-81.500262,26013634
66209_5b75f8cf_llbean_town_center_crossing,5b75f8cf,llbean,LL Bean,Town Center Crossing,4401 W. 119 Street,Town Center Crossing,Leawood,KS,66209,"4401 W. 119 Street Leawood, KS 66209",38.91163461,-94.636781,33e1f295
15237_f282a0b9_llbean_ross_park,f282a0b9,llbean,LL Bean,Ross Park,1000 Ross Park Mall Drive,Ross Park Mall,Pittsburgh,PA,15237,"1000 Ross Park Mall Drive Pittsburgh, PA 15237",40.54259337,-80.00912073,bb317b61
14228_87c8e07f_llbean_boulevard,87c8e07f,llbean,LL Bean,Boulevard,"1565 Niagara Falls Boulevard,",Boulevard Consumer Square,Amherst,NY,14228,"1565 Niagara Falls Boulevard, Amherst, NY 14228",42.99823954,-78.82147536,e45c3c05
14564_e03bc94b_llbean_eastview,e03bc94b,llbean,LL Bean,Eastview,60 Eastview Mall Drive,Eastview Mall,Victor,NY,14564,"60 Eastview Mall Drive Victor, NY 14564",43.026312,-77.443766,cace7161
13066_ad8c233c_llbean_fayetteville,ad8c233c,llbean,LL Bean,Fayetteville,304 Towne Center Drive,Towne Center Mall,Fayetteville,NY,13066,"304 Towne Center Drive Fayetteville, NY 13066",43.03323757,-76.0206057,1831d0dd
22901_00a10e97_llbean_stonefield,00a10e97,llbean,LL Bean,Stonefield,2015 Bond Street,The Shops At Stonefield,Charlottesville,VA,22901,"2015 Bond Street Charlottesville, VA 22901",38.063896,-78.490876,bc568994
20852_26ab70e3_llbean_pike_and_rose,26ab70e3,llbean,LL Bean,Pike and Rose,925 Rose Ave,Pike And Rose,North Bethesda,MD,20852,"925 Rose Ave North Bethesda, MD 20852",39.05133434,-77.11637006,cdb531d3
23233_73e42346_llbean_short_pump,73e42346,llbean,LL Bean,Short Pump,"11800 West Broad Street,",Short Pump Town Center,Richmond,VA,23233,"11800 West Broad Street, Richmond, VA 23233",37.65612296,-77.61926815,f9c64162
18034_8469e830_llbean_saucon_valley,8469e830,llbean,LL Bean,Saucon Valley,3301 Center Valley Pkwy,The Promenade Shops At Saucon Valley,Center Valley,PA,18034,"3301 Center Valley Pkwy Center Valley, PA 18034",40.558716,-75.413718,6e5caafb
19406_7c3890a7_llbean_king_of_prussia,7c3890a7,llbean,LL Bean,King Of Prussia,160 North Gulph Road,The Plaza At King Of Prussia Mall,King Of Prussia,PA,19406,"160 North Gulph Road King Of Prussia, PA 19406",40.08817044,-75.39265811,925bc6a5
12205_c9bda584_llbean_colonie,c9bda584,llbean,LL Bean,Colonie,131 Colonie Center,Colonie Center,Albany,NY,12205,"131 Colonie Center Albany, NY 12205",42.70971398,-73.81810883,cce96388
08053_7685d662_llbean_sagemore,7685d662,llbean,LL Bean,Sagemore,500 Route 73 S,The Promenade At Sagemore,Marlton,NJ,08053,"500 Route 73 S Marlton, NJ 08053",39.876261,-74.92044857,22e84860
12845_932977b9_llbean_adirondack_outlet_store,932977b9,llbean,LL Bean,Adirondack Outlet Store,1444 U.S. 9,Adirondack Outlet Mall,Lake George,NY,12845,"1444 U.S. 9 Lake George, NY 12845",43.3660443,-73.697812,2b6f05f6
07652_012c182f_llbean_paramus_park,012c182f,llbean,LL Bean,Paramus Park,700 Paramus Park,Paramus Park Mall,Paramus,NJ,07652,"700 Paramus Park Paramus, NJ 07652",40.95738893,-74.06872124,76d489c1
07728_75ac95a8_llbean_freehold,75ac95a8,llbean,LL Bean,Freehold,3710 Route 9 South,Freehold Raceway Mall,Freehold,NJ,07728,"3710 Route 9 South Freehold, NJ 07728",40.25214437,-74.29943004,7b6da263
05401_ef0fdbec_llbean_burlington_vt,ef0fdbec,llbean,LL Bean,Burlington VT,101 Cherry Street,Burlington Town Center,Burlington,VT,05401,"101 Cherry Street Burlington, VT 05401",44.47893,-73.21398,e9438a2d
10710_057a858e_llbean_ridge_hill,057a858e,llbean,LL Bean,Ridge Hill,1 Ridge Hill Boulevard,Ridge Hill Mall,Yonkers,NY,10710,"1 Ridge Hill Boulevard Yonkers, NY 10710",40.96266157,-73.85561059,8f16cf5f
05495_b5659a14_llbean_williston,b5659a14,llbean,LL Bean,Williston,69 Market Street,Finney Crossing,Williston,VT,05495,"69 Market Street Williston, VT 05495",44.44878371,-73.10745057,191755ba
06810_4bab8b08_llbean_danbury,4bab8b08,llbean,LL Bean,Danbury,7 Backus Avenue,Danbury Fair,Danbury,CT,06810,"7 Backus Avenue Danbury, CT 06810",41.379563,-73.479782,96f231e8
23452_6afe2965_llbean_lynnhaven,6afe2965,llbean,LL Bean,Lynnhaven,701 Lynnhaven Parkway,Lynnhaven Mall,Virginia Beach,VA,23452,"701 Lynnhaven Parkway Virginia Beach, VA 23452",36.81690114,-76.07051843,e249539c
11755_0a384c9c_llbean_smith_haven,0a384c9c,llbean,LL Bean,Smith Haven,220 Smith Haven Mall,Smith Haven Mall,Lake Grove,NY,11755,"220 Smith Haven Mall Lake Grove, NY 11755",40.86481821,-73.12911014,49a4e6a7
06511_2c6143b0_llbean_yale,2c6143b0,llbean,LL Bean,Yale,272 Elm Street,The Shops At Yale,New Haven,CT,06511,"272 Elm Street New Haven, CT 06511",41.31078257,-72.93076236,3448a67f
01035_fd998c54_llbean_mountain_farms,fd998c54,llbean,LL Bean,Mountain Farms,353 Russell St,Mountain Farms Mall,Hadley,MA,01035,"353 Russell St Hadley, MA 01035",42.35676022,-72.55169733,67e27c63
03784_4913ace7_llbean_powerhouse,4913ace7,llbean,LL Bean,Powerhouse,8 Glen Road,PowerHouse Mall,West Lebanon,NH,03784,"8 Glen Road West Lebanon, NH 03784",43.6337129,-72.31604264,8d266fee
06074_6d8f1cef_llbean_evergreen_walk,6d8f1cef,llbean,LL Bean,Evergreen Walk,75 Evergreen Way,The Promenade Shops At Evergreen Walk,South Windsor,CT,06074,"75 Evergreen Way South Windsor, CT 06074",41.809471,-72.55742,dbc57890
01527_483abe91_llbean_blackstone_valley,483abe91,llbean,LL Bean,Blackstone Valley,"70 Worcester - Providence Turnpike,",The Shoppes At Blackstone Valley,Millbury,MA,01527,"70 Worcester - Providence Turnpike, Millbury, MA 01527",42.19918866,-71.77922195,f5810fda
03301_511f7389_llbean_concord_outlet_store,511f7389,llbean,LL Bean,Concord Outlet Store,55 Fort Eddy Road,,Concord,NH,03301,"55 Fort Eddy Road Concord, NH 03301",43.21117151,-71.53284142,943893e7
03063_dda759f6_llbean_nashua_outlet_store,dda759f6,llbean,LL Bean,Nashua Outlet Store,31 Gusabel Avenue,Nashua Mall,Nashua,NH,03063,"31 Gusabel Avenue Nashua, NH 03063",42.765203,-71.496335,fe9caf7c
03860_2f137d1b_llbean_north_conway_outlet_store,2f137d1b,llbean,LL Bean,North Conway Outlet Store,1390 White Mountain Highway,Settler's Crossing,North Conway,NH,03860,"1390 White Mountain Highway North Conway, NH 03860",44.0167893,-71.1149551,01f92921
03079_e06e86d9_llbean_tuscan_village,e06e86d9,llbean,LL Bean,Tuscan Village,3 South Village Drive,Tuscan Village,Salem,NH,03079,"3 South Village Drive Salem, NH 03079",42.77002715,-71.22433582,bc28ace3
02920_c2489868_llbean_garden_city,c2489868,llbean,LL Bean,Garden City,200 Hillside Road,Garden City Center,Cranston,RI,02920,"200 Hillside Road Cranston, RI 02920",41.75808759,-71.45763632,074e8507
01803_49d644bc_llbean_wayside,49d644bc,llbean,LL Bean,Wayside,6 Wayside Road,Wayside Commons,Burlington,MA,01803,"6 Wayside Road Burlington, MA 01803",42.485813,-71.192459,1316bea9
02026_6a6cdb41_llbean_legacy_place,6a6cdb41,llbean,LL Bean,Legacy Place,340 Legacy Place,Legacy Place,Dedham,MA,02026,"340 Legacy Place Dedham, MA 02026",42.2323489,-71.1789134,75190e85
02048_0ac14ce7_llbean_mansfield,0ac14ce7,llbean,LL Bean,Mansfield,280 School Street,Mansfield Crossing,Mansfield,MA,02048,"280 School Street Mansfield, MA 02048",42.012716,-71.230951,27e1dd63
02210_24580777_llbean_seaport,24580777,llbean,LL Bean,Seaport,56 Seaport Blvd.,One Seaport,Boston,MA,02210,"56 Seaport Blvd. Boston, MA 02210",42.35308874,-71.0476676,429779f5
03862_f72ccfed_llbean_lafayette_outlet_store,f72ccfed,llbean,LL Bean,Lafayette Outlet Store,35 Lafayette Road,Lafayette Crossing,North Hampton,NH,03862,"35 Lafayette Road North Hampton, NH 03862",42.968557,-70.8351061,b5f04c94
02571_5b75cd9e_llbean_wareham_outlet_store,5b75cd9e,llbean,LL Bean,Wareham Outlet Store,2421 Cranberry Hwy. Rt. 28,Wareham Crossing Mall,Wareham,MA,02571,"2421 Cranberry Hwy. Rt. 28 Wareham, MA 02571",41.7741903,-70.7420536,686f7b31
80124_3eff6c7b_llbean_park_meadows,3eff6c7b,llbean,LL Bean,Park Meadows,8525 Park Meadows Center Drive,Park Meadows,Lone Tree,CO,80124,"8525 Park Meadows Center Drive Lone Tree, CO 80124",39.56268068,-104.8754093,b89d54b4
04032_75dc4b80_llbean_home_store,75dc4b80,llbean,LL Bean,Home Store,12 Nathan Nye Street,L.L.Bean Flagship Campus,Freeport,ME,04032,"12 Nathan Nye Street Freeport, ME 04032",43.857218,-70.104677,3e6aabe9
04032_8998e8ad_llbean_bike_boat_ski_store,8998e8ad,llbean,LL Bean,Bike Boat Ski Store,57 Main Street,L.L.Bean Flagship Campus,Freeport,ME,04032,"57 Main Street Freeport, ME 04032",43.85702,-70.103687,f22c80e5
04032_c0f3e1a6_llbean_flagship,c0f3e1a6,llbean,LL Bean,Flagship,95 Main Street,L.L.Bean Flagship Campus,Freeport,ME,04032,"95 Main Street Freeport, ME 04032",43.857865,-70.103352,f52f9812
04032_32866f06_llbean_freeport_outlet_store,32866f06,llbean,LL Bean,Freeport Outlet Store,1 Freeport Village Station,Village Station,Freeport,ME,04032,"1 Freeport Village Station Freeport, ME 04032",43.8558189,-70.102834,7eb177c6
02649_fb43c61a_llbean_mashpee,fb43c61a,llbean,LL Bean,Mashpee,7 Market Street,Mashpee Commons,Mashpee,MA,02649,"7 Market Street Mashpee, MA 02649",41.61741,-70.490694,fd4a26c5
04401_c1b75319_llbean_bangor_outlet_store,c1b75319,llbean,LL Bean,Bangor Outlet Store,534 Stillwater Avenue,Parkade Shopping Center,Bangor,ME,04401,"534 Stillwater Avenue Bangor, ME 04401",44.83021546,-68.75609453,0e14c1e9
04605_6348fda9_llbean_ellsworth_outlet_store,6348fda9,llbean,LL Bean,Ellsworth Outlet Store,150 High Street,,Ellsworth,ME,04605,"150 High Street Ellsworth, ME 04605",44.53709477,-68.41199381,1255d0df
84060_34caa27c_llbean_park_city,34caa27c,llbean,LL Bean,Park City,675 Main Street,The Kimball On Main,Park City,UT,84060,"675 Main Street Park City, UT 84060",40.64645604,-111.4976155,7a0f0d8f